{
  "name": "Crkbd_plus",
  "vendorId": "0x4653",
  "productId": "0x0001",
  "lighting": {
    "extends": "qmk_rgblight"
  },
  "matrix": { "rows": 10, "cols": 6 },
  "layouts": {
    "keymap": [
      [{ "y": 1, "x": 3.5 }, "0,3", { "x": 7.5 }, "5,3"],
      [
        { "y": -0.875, "x": 2.5 },
        "0,2",
        { "x": 1 },
        "0,4",
        { "x": 5.5 },
        "5,4",
        { "x": 1 },
        "5,2"
      ],
      [{ "y": -0.875, "x": 5.5 }, "0,5", { "x": 3.5 }, "5,5"],
      [{ "y": -0.875, "x": 0.5 }, "0,0", "0,1", { "x": 11.5 }, "5,1", "5,0"],
      [{ "y": -0.375, "x": 3.5 }, "1,3", { "x": 7.5 }, "6,3"],
      [
        { "y": -0.875, "x": 2.5 },
        "1,2",
        { "x": 1 },
        "1,4",
        { "x": 5.5 },
        "6,4",
        { "x": 1 },
        "6,2"
      ],
      [{ "y": -0.875, "x": 5.5 }, "1,5", { "x": 3.5 }, "6,5"],
      [{ "y": -0.875, "x": 0.5 }, "1,0", "1,1", { "x": 11.5 }, "6,1", "6,0"],
      [{ "y": -0.375, "x": 3.5 }, "2,3", { "x": 7.5 }, "7,3"],
      [
        { "y": -0.875, "x": 2.5 },
        "2,2",
        { "x": 1 },
        "2,4",
        { "x": 5.5 },
        "7,4",
        { "x": 1 },
        "7,2"
      ],
      [{ "y": -0.875, "x": 5.5 }, "2,5", { "x": 3.5 }, "7,5"],
      [{ "y": -0.875, "x": 0.5 }, "2,0", "2,1", { "x": 11.5 }, "7,1", "7,0"],
      [{ "y": -0.375, "x": 3.5 }, "3,3", { "x": 7.5 }, "8,3"],
      [
        { "y": -0.875, "x": 2.5 },
        "3,2",
        { "x": 1 },
        "3,4",
        { "x": 5.5 },
        "8,4",
        { "x": 1 },
        "8,2"
      ],
      [{ "y": -0.875, "x": 5.5 }, "3,5", { "x": 3.5 }, "8,5"],
      [{ "y": -0.875, "x": 0.5 }, "3,0", "3,1", { "x": 11.5 }, "8,1", "8,0"],
      [{ "y": -0.125, "x": 4 }, "4,3", { "x": 6.5 }, "9,3"],
      [
        { "r": 15, "rx": 4.5, "ry": 9.1, "y": -3.8499999999999996, "x": -0.25 },
        "4,4"
      ],
      [
        {
          "r": 30,
          "rx": 5.4,
          "ry": 9.4,
          "y": -4.25,
          "x": -0.9000000000000004,
          "h": 1.5
        },
        "4,5"
      ],
      [
        {
          "r": -30,
          "rx": 11.1,
          "y": -4.25,
          "x": -0.09999999999999964,
          "h": 1.5
        },
        "9,5"
      ],
      [
        { "r": -15, "rx": 12, "ry": 9.1, "y": -3.8499999999999996, "x": -0.75 },
        "9,4"
      ]
    ]
  }
}
